[
    {
      "name": "paris",
      "label": "Paris",
      "description": "A romantic city known for its art and architecture."
    },
    {
      "name": "new-york",
      "label": "New York",
      "description": "A bustling metropolis famous for its skyline and Broadway shows."
   
    },
    {
      "name": "tokyo",
      "label": "Tokyo",
      "description": "A vibrant city known for its fashion and technology."
     
    },
    {
      "name": "sydney",
      "label": "Sydney",
      "description": "Known for its Opera House and beautiful beaches."
     
    },
    {
      "name": "cairo",
      "label": "Cairo",
      "description": "Home to the Pyramids and rich in history and culture."
     
    }
  ]
  